{
    "WindowX": 0,
    "WindowY": 23,
    "WindowWidth": 1920,
    "WindowHeight": 1017,
    "Maximized": true,
    "VSync": true,
    "CameraZoomLevel": 2,
    "ClearColor": [
        0.044742412865161899,
        0.16013769805431367,
        0.4803921580314636,
        1.0
    ]
}